{"model": "vessel_scoring.logistic_model.LogisticModel", "args": {"windows": [43200], "cross": 0, "intercept": [3.5990057865964786], "order": 6, "coef": [[-0.59375444894084128, -0.99320914327188259, 8.5116147792106478, 2.245223673346775, -3.4179087454624035, -5.0867513834841649, 3.4383446679173306, 1.348871069752589, -2.615218178069926, 1.9367087209935769, 4.3308216387754257, 5.6462139392724975, -1.6254720863432761, 2.0531485387677066, 3.708047010108575, -6.3699357085128394, 0.28814595917976948, 0.60040474002034283]]}}