{"model": "vessel_scoring.logistic_model.LogisticModel", "args": {"colspec": {"windows": [1800, 3600, 10800, 21600, 43200, 86400], "measures": [], "window_measures": ["measure_speedavg", "measure_speedstddev", "measure_coursestddev"]}, "cross": 0, "intercept": [-5.7982945688372496], "order": 6, "coef": [[0.95328731068832573, 4.4144922488640415, -1.1082260047134176, -1.5353174504388847, 1.7714647548621334, 2.0093571770504965, -2.7600766720997849, 0.73409619238273849, -0.040322040437441337, -0.65193535511052259, 3.6712741247932992, 0.99090885783884175, -2.9507103354407378, 0.31651802293866865, -0.18232012337984116, -9.9753887018744045, 10.84575331034408, 0.64839042795568147, 3.0749951903641697, 3.0419734751575391, 2.372429579826512, 1.0475649510927989, 1.7569412473642656, 1.42799024458401, 0.58464444050657993, -2.6194584629385593, 0.99795674693947012, 2.4554710211416744, -3.3986650583645357, -0.93526854633726464, 1.8555199227724051, -1.0036958580667952, 0.57898617236339778, -0.98209249434555024, -3.230557012083858, 1.5360463673263518, 3.2762391953774714, 0.91663922272211551, 0.3733744819564086, 2.1142642505703795, 0.50507994492356378, -2.163579382692336, 2.0134016931523879, -1.5251551386645537, -0.3817476297877278, 2.8757009498542847, -2.0119443320570465, -0.83135391173543027, 3.8060759414385013, -0.46766116348573328, 1.2138960375585024, 4.7364221791031298, -2.4861605882148319, 1.072039250310886, 2.1751256865430295, 0.25104460199032119, -0.18584912324336825, 1.6782372227516482, 0.12541618656946235, -2.802519494420793, 1.4591367753726048, -0.6247276073187098, -0.81174664390862861, 1.0727113119313847, -0.8137069546725143, -0.13197707078351825, 3.0468740872934976, -0.16042999744874434, 0.92295144693080156, 5.3540978957190877, -1.1171691196651603, 0.31862970440682725, 0.12054918031698178, 0.067906780623228608, -0.17640177598603049, 0.0090390382808999171, 0.029089835672680264, -2.3251441338192782, -0.56632200690229395, -0.22745512288912337, -0.71964051061170731, -2.2838921990770586, -0.29116672500351598, 0.30192646305446796, 0.36229126419785279, -0.044844989740453083, 0.28768722480105313, 2.0176941260269134, -0.43056199556246288, -0.31205545909448795, -2.6013743664428461, 0.018159057499114804, -0.073407698419313799, -2.5569650891790907, 0.0057992073252129978, -1.6809402027733182, -3.5427942220921991, -0.079068914720731465, -0.49660426939341873, -6.6339978956902197, -0.099204618707590744, 0.44869351550339065, -3.6116768569834319, -0.0099912369737207626, -0.25845893492472671, -3.9093802895864362, -0.15491887729346387, -0.68823945628897631]]}}