{"model": "vessel_scoring.logistic_model.LogisticModel", "args": {"colspec": {"windows": [1800, 3600, 10800, 21600, 43200, 86400], "measures": ["measure_daylight"], "window_measures": ["measure_speedavg", "measure_speedstddev", "measure_coursestddev", "measure_daylightavg"]}, "cross": 0, "intercept": [-6.1474899338999496], "order": 6, "coef": [[0.3744689871265327, 1.3116376711635167, 5.1791497677344571, -0.1166256623889674, -0.074177298099057071, -1.8305357003357128, 1.8867548794493385, 3.2144156387665261, -0.063777809020836629, -3.0398488941023465, 1.0621877146017797, 0.32939572298461717, -0.41080871270406827, -1.1130457060634045, 3.6409232633876849, 0.80508269931735088, -0.3416973553762444, -2.9752898976555531, 0.54949593990287138, 0.32310194592793878, 0.012068039220196274, -9.2682092061189589, 10.950531449642874, 1.0956197595438739, 0.89577890420093464, 0.3744689871265327, 3.0954424188587812, 2.8978936605676289, 1.0569138914112748, -0.074177298099057071, 0.55411939815151523, 1.5968466656687477, -0.033891877021405926, -0.063777809020836629, 0.37777655374373226, -2.1615832353703408, 0.8251889998630727, -0.41080871270406827, 2.0762812006811475, -2.4675494722199152, -0.75773702997317949, -0.3416973553762444, 1.90566634036085, -0.67925165939977961, -0.049819512729845458, 0.012068039220196274, -0.67841551526835786, -2.8170008029659233, 0.58908073654474025, 0.89577890420093464, 0.3744689871265327, 3.1482583089869496, 0.89149066078557759, 0.30146999197563823, -0.074177298099057071, 1.7752314964089382, 0.50008959831395816, -2.7018982304555585, -0.063777809020836629, 2.0792253669684868, -1.3031334918817798, -0.53144618688965373, -0.41080871270406827, 2.8443080031410424, -1.5467729407451811, -0.6827810310133503, -0.3416973553762444, 3.9579614832599002, -0.27828035621415248, 0.50267685590058364, 0.012068039220196274, 4.6034715195657512, -2.2777876749762891, -0.15620753541013974, 0.89577890420093464, 0.3744689871265327, 2.0900913039543561, 0.25109352590619888, 0.31109279535178053, -0.074177298099057071, 1.6579216044224983, 0.13506102355391225, -2.794387576770172, -0.063777809020836629, 1.6994976079603199, -0.55279915278669101, -1.0202264107537857, -0.41080871270406827, 1.3507692628943977, -0.65095718134623926, -0.18890955953194605, -0.3416973553762444, 3.2169726514706971, -0.091489025612500025, 0.4496595184552088, 0.012068039220196274, 4.9008761400125929, -1.0470287347766905, -0.71927601455532852, 0.89577890420093464, 0.3744689871265327, 0.16295511573619417, 0.069636179174965063, 0.42794007703961046, -0.074177298099057071, 0.32094530043611114, 0.034280599872481006, -2.1337254161698911, -0.063777809020836629, -0.37735173579812875, -0.20851737033326451, -0.9603191661591608, -0.41080871270406827, -1.8697481789777994, -0.24191538931334186, 0.13127977842045999, -0.3416973553762444, 0.42465297402779056, -0.026058031543512133, 0.087584060231252314, 0.012068039220196274, 1.3341817809584606, -0.41335698625035405, -1.0387471929505492, 0.89577890420093464, 0.3744689871265327, -2.4257349530292545, 0.018988249467787613, 0.46425981286308626, -0.074177298099057071, -1.9762879555809483, 0.0077928876211351694, -1.4646495641015544, -0.063777809020836629, -3.6414110087108718, -0.07515253727950473, -0.73002259460209551, -0.41080871270406827, -6.2806862228471596, -0.085638925083553682, 0.25483547235691678, -0.3416973553762444, -3.7710166651574779, -0.0065783533389544508, -0.25747107669250036, 0.012068039220196274, -4.7600657273034352, -0.15287295853785321, -1.1371770552083631, 0.89577890420093464]]}}