{"model": "vessel_scoring.logistic_model.LogisticModel", "args": {"windows": [43200], "cross": 0, "intercept": [-5.1568075176633688], "order": 6, "coef": [[7.9395212538186541, -3.5063964607154645, 8.0522464321292784, 8.0654175645310584, 2.4701661176845353, 0.71937136178534689, 0.85325399815492187, 0.29168358485329099, -5.4153593157028475, -3.7673966918668462, -1.4978966375781093, -2.9383514532124679, -5.333204273075661, -0.45269913243961274, -0.17272875493464562, -5.3169921834603766, -0.012025229598304895, 0.087514583391107223]]}}