{"model": "vessel_scoring.logistic_model.LogisticModel", "args": {"colspec": {"windows": [1800, 3600, 10800, 21600, 43200, 86400], "measures": ["measure_daylight"], "window_measures": ["measure_speedavg", "measure_speedstddev", "measure_coursestddev", "measure_daylightavg"]}, "cross": 0, "intercept": [-10.648663165855975], "order": 6, "coef": [[0.27097455493784733, -0.53478236061090356, 6.4991171660985092, -1.3924104085140088, 0.40960315990562762, -3.103211812335132, 3.7762463799413801, -0.40288272517550971, -0.032489987711603517, -4.2783872723563068, 0.73020128248070715, -1.1849288219210607, 0.053131870076448685, -2.6482510954407159, 2.1707176259718066, 1.1630078024684101, 0.10866033976020176, -4.208839286444638, 2.2688389444379342, 1.7644627568460083, -0.031911377906893294, -7.5020948290878549, 8.1514618793427722, 4.1485576619045226, 0.20639638225801224, 0.27097455493784733, 4.0938507794587489, 2.4987159142393183, 1.7304013629495898, 0.40960315990562762, 1.8707767015750847, 1.5834437592878936, 0.62681912067101764, -0.032489987711603517, 0.9647479825109424, -1.1028083112382383, -0.11867324898756224, 0.053131870076448685, 2.1924565253082711, -1.9488711881206173, 0.51922769740043029, 0.10866033976020176, 2.1322603459515901, -1.8788892592060824, 0.16042580847489912, -0.031911377906893294, 1.05485455784079, -3.1741777317594564, 1.2773768818338116, 0.20639638225801224, 0.27097455493784733, 5.1898252661193203, 0.72489305451150565, 1.1433886512137696, 0.40960315990562762, 3.7676632185056529, 0.45333741813669037, -0.73168057418920329, -0.032489987711603517, 3.1526735457116146, -0.68927469789421125, -0.34174206560063597, 0.053131870076448685, 3.4240914737878008, -1.1004788808380097, -0.19962378783016979, 0.10866033976020176, 4.4106325438621052, -1.0908907389026632, -0.63033465397265998, -0.031911377906893294, 5.2206103876856833, -2.2047030626239632, -0.59783756517724473, 0.20639638225801224, 0.27097455493784733, 3.6366032578193002, 0.20341013843968489, 0.70391949610006355, 0.40960315990562762, 2.8898952067147716, 0.1223118468226335, -1.1108083007767133, -0.032489987711603517, 2.5240373224763295, -0.29217151195022584, -0.31184820867791402, 0.053131870076448685, 1.8246206792131188, -0.43543120907214156, -0.33489862577538132, 0.10866033976020176, 3.1847601286899918, -0.45428770022055515, -0.74175680865498173, -0.031911377906893294, 4.591228140200819, -0.95511255095565484, -1.1165447364231111, 0.20639638225801224, 0.27097455493784733, 0.192556904752894, 0.05790072589451202, 0.47620330453965404, 0.40960315990562762, -0.087536970419027138, 0.033154952136666353, -0.9972397044415604, -0.032489987711603517, -0.14588506569692786, -0.10886689939973551, -0.15867549072369258, 0.053131870076448685, -1.7022947479852877, -0.1542529230413773, -0.27158426893960574, 0.10866033976020176, -0.38148152751350234, -0.17079460185101283, -0.67474639295436689, -0.031911377906893294, 0.52659767697791338, -0.36150678274222797, -1.0998608957662546, 0.20639638225801224, 0.27097455493784733, -4.499327258581058, 0.016858022912627259, 0.34279304018726831, 0.40960315990562762, -4.4851652541136824, 0.0091214693980351379, -0.76502695912253005, -0.032489987711603517, -4.1213979168050869, -0.038468333339708762, -0.019375846977583634, 0.053131870076448685, -6.4291100425317307, -0.05225546187528219, -0.18260582595990096, 0.10866033976020176, -5.3470556947341654, -0.061741730601184854, -0.58025384282189596, -0.031911377906893294, -5.6482315977365332, -0.12911627374619758, -0.9285297848042724, 0.20639638225801224]]}}