{"model": "vessel_scoring.logistic_model.LogisticModel", "args": {"windows": [43200], "cross": 0, "intercept": [-1.0699178867187336], "order": 6, "coef": [[-9.7187326635138174, -10.243176464492679, 1.2434978707492104, 5.0557178040536019, -4.4300096560129738, -8.2431906556679877, 9.5888528056546036, 6.524944688879696, -0.37189540285001832, 6.7586463204020415, 7.1925205339335623, 7.6905503309956496, -1.1240655258856573, 2.6863476490051563, 4.1605052346599418, -11.957739942283691, 0.35272740279355469, 0.62086308501618881]]}}