{"model": "vessel_scoring.logistic_model.LogisticModel", "args": {"windows": [43200], "cross": 0, "intercept": [3.6551502960985434], "order": 6, "coef": [[-2.9055182471868051, -0.29860190655422131, 7.447174811959715, -0.52796386511820559, -6.6719951322064661, 1.6381784453690231, 1.8570897922674896, 1.0138643798446001, -1.1138137597044375, 2.6472510381294958, 8.5084066327870431, -0.87128250193444123, 2.1463132229129234, 4.9007459653551573, -0.44606232464552864, 0.86379765292623012, 0.78325677663334226, -0.081943318208833577]]}}