{"model": "vessel_scoring.logistic_model.LogisticModel", "args": {"windows": [43200], "cross": 0, "intercept": [0.41324547031163528], "order": 6, "coef": [[-5.4124626678815106, -4.5899689119825258, 4.910052206984755, 4.0174258773880256, -2.790154016598287, -4.6556067824899126, 6.3817932384300393, 2.6028566933086026, -1.2049601350690264, 3.927315987900335, 4.5120359067921259, 4.5840444833371246, -1.3661753525842424, 2.2046781283127741, 2.5820454153152643, -8.0737411699147223, 0.34556242264887121, 0.37835599354633209]]}}