{"model": "vessel_scoring.logistic_model.LogisticModel", "args": {"windows": [43200], "cross": 3, "intercept": [0.45911043742474478], "order": 4, "coef": [[-7.9847864108636584, -7.3377705971986629, 0.84952107711462599, 2.8006284401191621, -9.3465607703467501, -2.1534192913882562, -9.127928864298207, 2.1667546767350419, -12.209103202056765, 2.2635028783348816, -4.918148068622239, -7.2431913402419346, -6.7945848629349967, -8.7697762348614923, -3.3483337041747561, -10.083046572871373, 1.2556101603056136, -4.6903589696398917, -8.6581637157520213, -0.87780958082106131, -1.6758671784459021]]}}