{"model": "vessel_scoring.logistic_model.LogisticModel", "args": {"windows": [43200], "cross": 0, "intercept": [1.5135787472000732], "order": 6, "coef": [[-2.7320806441417576, -1.5134674284006424, 7.9297178283034588, 2.3426135824396108, -0.5908915569505514, -5.449973676500095, 4.6416961154576581, 0.6840456055280566, -2.6451348022034287, 2.8270822193829477, 1.2275296220563523, 6.0102368695283648, -1.8000827910312982, 0.52566606194098753, 3.7918947125480802, -7.7537270065671828, 0.055083214287924329, 0.59306651027112045]]}}