{"model": "vessel_scoring.logistic_model.LogisticModel", "args": {"windows": [43200], "cross": 3, "intercept": [1.7509584979300077], "order": 4, "coef": [[-7.2617569749165485, -3.2825359223338082, 3.3994031708151766, 3.0448843150236709, -6.0934413250407404, 0.33883184341982236, -10.824005695025736, 3.419093049112544, -11.406846230647274, 2.0307055907489926, -3.8668201993601783, -6.3300917163648709, -6.1011348547600841, -5.7480803576089086, -2.1872675757220095, -9.6059601898784361, 2.0016863539393932, -4.8030046796509804, -8.6379268727040337, -0.77234176122898579, -1.5098911672529773]]}}