{"model": "vessel_scoring.logistic_model.LogisticModel", "args": {"windows": [43200], "cross": 3, "intercept": [-1.9199540444448058], "order": 4, "coef": [[-0.16255814487546189, 1.7435256537932886, 7.0224044659005296, 5.3940240507247967, 5.0850068520532812, 2.1875180353349992, -19.044568864672922, -5.1029216608691668, -2.4056078883898255, -1.4102790814260748, 4.2430065302832212, -0.41349382574927696, -5.6126190560662401, 1.5475868105557862, -0.25435158093287241, 1.7866002073985798, -0.05282392515335177, -1.0150894227541403, -12.111836038143309, 0.94408960399669506, -0.27072564293978912]]}}